Nom,Type,Téléphone Principal,Tous les Téléphones,Email Principal,Tous les Emails,Site Web,Adresse,Code Postal,Ville,Pays,Latitude,Longitude,Note,Nombre d'avis,Niveau de Prix,Ouvert Maintenant,Description,Services,Commodités,Réseaux Sociaux,Nombre de Photos,Propriétaire,Établissement Vérifié,URL Google Maps
"SPORT ET FORMATION","Centre de formation","06 11 81 77 55","","contact@sportetformation.fr","contact@sportetformation.fr (contact)","http://www.sportetformation.fr/","50 Rue Château de l'Horloge","","Aix-en-Provence","FR","43.5266474","5.422151","","0","","Oui","","","","","0","","Non","https://www.google.com/maps/place/SPORT+ET+FORMATION/data=!4m7!3m6!1s0x12c98d70b442648f:0x50a1f3147de49c0d!8m2!3d43.5266474!4d5.422151!16s%2Fg%2F11c1vp5yfx!19sChIJj2RCtHCNyRIRDZzkfRTzoVA?authuser=0&hl=fr&rclk=1"
"Head Spa Formation : Aix en provence","Centre de formation","06 52 45 29 37","","","","https://www.headspa-formation.fr/","8 Rue Mazarine","","Aix-en-Provence","FR","43.5258962","5.447637","","0","","Oui","","","","","0","","Non","https://www.google.com/maps/place/Head+Spa+Formation+:+Aix+en+provence/data=!4m7!3m6!1s0x12c98d5428a69047:0xd0070425ebcd8125!8m2!3d43.5258962!4d5.447637!16s%2Fg%2F11xvdrj8gg!19sChIJR5CmKFSNyRIRJYHN6yUEB9A?authuser=0&hl=fr&rclk=1"
"Formation coach Aix en Provence","Centre de formation continue","06 19 44 67 73","","","","http://www.efpnl.fr/","","","Aix-en-Provence","FR","43.4898384","5.4359553","","0","","Oui","","","","","0","","Non","https://www.google.com/maps/place/Formation+coach+Aix+en+Provence/data=!4m7!3m6!1s0x12c993f1488c6993:0x4a81ed41ed08326b!8m2!3d43.4898384!4d5.4359553!16s%2Fg%2F11spn2465b!19sChIJk2mMSPGTyRIRazII7UHtgUo?authuser=0&hl=fr&rclk=1"
"Centre de Formation Juridique d'Aix-en-Provence","Classes préparatoires","07 61 21 23 86","","","","","10 Rue de la Fourane","","Aix-en-Provence","FR","43.5131908","5.4447518","","0","","Oui","","","","","0","","Non","https://www.google.com/maps/place/Centre+de+Formation+Juridique+d%27Aix-en-Provence/data=!4m7!3m6!1s0x12c98d1bf10c29e9:0x2cdad96047b10e59!8m2!3d43.5131908!4d5.4447518!16s%2Fg%2F11hzblfpc8!19sChIJ6SkM8RuNyRIRWQ6xR2DZ2iw?authuser=0&hl=fr&rclk=1"
"ForMaFinance - Formation en création d'entreprise","Centre de formation continue","06 21 18 33 75","","","","https://www.forma-finance.fr/","","","Aix-en-Provence","FR","43.52513","5.4425865","","0","","Oui","","","","","0","","Non","https://www.google.com/maps/place/ForMaFinance+-+Formation+en+cr%C3%A9ation+d%27entreprise/data=!4m7!3m6!1s0x12c98ddffcfd0f5d:0xddc8832b87556298!8m2!3d43.52513!4d5.4425865!16s%2Fg%2F11trw1yb0x!19sChIJXQ_9_N-NyRIRmGJVhyuDyN0?authuser=0&hl=fr&rclk=1"
"Formation incendie extincteur","Centre de formation continue","04 37 54 63 99","","","","https://formationfeu.fr/","","","Aix-en-Provence","FR","43.5060138","5.4052428","","0","","Oui","","","","","0","","Non","https://www.google.com/maps/place/Formation+incendie+extincteur/data=!4m7!3m6!1s0x12c9931bee5401cd:0x45c8602051e06a36!8m2!3d43.5060138!4d5.4052428!16s%2Fg%2F11xvjvb1sg!19sChIJzQFU7huTyRIRNmrgUSBgyEU?authuser=0&hl=fr&rclk=1"
"Espace de formations juridiques","Centre de formation continue","06 35 57 10 45","","","","","6 ter Av. des Belges","","Aix-en-Provence","FR","43.5250031","5.4444878","","0","","Oui","","","","","0","","Non","https://www.google.com/maps/place/Espace+de+formations+juridiques/data=!4m7!3m6!1s0x12c98da54834283d:0x5d6ab8fb9dcf7f4d!8m2!3d43.5250031!4d5.4444878!16s%2Fg%2F11gv0wyqtj!19sChIJPSg0SKWNyRIRTX_Pnfu4al0?authuser=0&hl=fr&rclk=1"
"Méditation Pleine conscience Aix en Provence","Centre de formation continue","06 34 48 11 91","","","","https://www.une-vie-en-pleine-conscience.fr/","","","Aix-en-Provence","FR","43.5022286","5.4316168","","0","","Oui","","","","","0","","Non","https://www.google.com/maps/place/M%C3%A9ditation+Pleine+conscience+Aix+en+Provence/data=!4m7!3m6!1s0x23f15eb1d2f6b893:0x128911999df36bb0!8m2!3d43.5022286!4d5.4316168!16s%2Fg%2F11sd_7d321!19sChIJk7j20rFe8SMRsGvznZkRiRI?authuser=0&hl=fr&rclk=1"
"Centre de Formation International CFI","Centre de formation continue","04 42 52 68 94","","","","","","","Aix-en-Provence","FR","43.5149442","5.4321159","","0","","Oui","","","","","0","","Non","https://www.google.com/maps/place/Centre+de+Formation+International+CFI/data=!4m7!3m6!1s0x12c98d793c6d263f:0xc7bca2b00c332590!8m2!3d43.5149442!4d5.4321159!16s%2Fg%2F1tdjm34_!19sChIJPyZtPHmNyRIRkCUzDLCivMc?authuser=0&hl=fr&rclk=1"
"Alis Formation Provence","Centre de formation","06 26 86 86 08","","","","https://alis-formation-provence.fr/","19 Rue Jules Verne","","Aix-en-Provence","FR","43.5206185","5.4316101","","0","","Oui","","","","","0","","Non","https://www.google.com/maps/place/Alis+Formation+Provence/data=!4m7!3m6!1s0x12c98d516b82b471:0x888b18a9df8abf07!8m2!3d43.5206185!4d5.4316101!16s%2Fg%2F11pkm8dlzq!19sChIJcbSCa1GNyRIRB7-K36kYi4g?authuser=0&hl=fr&rclk=1"
"Entrée du CVRH d'Aix-en-Provence","Centre de formation continue","","","","","","680 Rue Albert Einstein","","Aix-en-Provence","FR","43.4921966","5.3780606","","0","","Non","","","","","0","","Non","https://www.google.com/maps/place/Entr%C3%A9e+du+CVRH+d%27Aix-en-Provence/data=!4m7!3m6!1s0x12c9ed9234acb669:0x65611e455070447!8m2!3d43.4921966!4d5.3780606!16s%2Fg%2F11l6wfn0tt!19sChIJabasNJLtyRIRRwQHVeQRVgY?authuser=0&hl=fr&rclk=1"
"Académie du Sourire","Centre de formation continue","06 10 37 86 88","","contact@academie-du-sourire.com","contact@academie-du-sourire.com (contact)","http://www.academie-du-sourire.com/","","","Aix-en-Provence","FR","43.5171464","5.4663729","5","12","","Oui","","","","","0","","Non","https://www.google.com/maps/place/Acad%C3%A9mie+du+Sourire/data=!4m7!3m6!1s0x12c98da27b456845:0x386ea84cf5fc3258!8m2!3d43.5171464!4d5.4663729!16s%2Fg%2F1ptz4nxt5!19sChIJRWhFe6KNyRIRWDL89Uyobjg?authuser=0&hl=fr&rclk=1"
"CFA Codév Aix-en-Provence","Centre de formation continue","09 62 61 44 43","","","","https://www.xn--codv-dpa.fr/","","","Aix-en-Provence","FR","43.5149178","5.4331516","5","115","","Oui","","","","","0","","Non","https://www.google.com/maps/place/CFA+Cod%C3%A9v+Aix-en-Provence/data=!4m7!3m6!1s0x12c98dabade6fe9b:0x981487415324e839!8m2!3d43.5149178!4d5.4331516!16s%2Fg%2F11g0dv6dgt!19sChIJm_7mrauNyRIROegkU0GHFJg?authuser=0&hl=fr&rclk=1"
"L'Atelier Formation Aix-en-Provence","Centre de formation continue","07 67 68 27 92","","contact@atelierformation.eu","contact@atelierformation.eu (contact)","http://atelierformation.eu/","9 bis Pl. John Rewald","","Aix-en-Provence","FR","43.5246956","5.4556068","5","9","","Oui","","","","","0","","Non","https://www.google.com/maps/place/L%27Atelier+Formation+Aix-en-Provence/data=!4m7!3m6!1s0x12c98d9521af6af9:0xe1478658ba235f1c!8m2!3d43.5246956!4d5.4556068!16s%2Fg%2F11bw46kpx1!19sChIJ-WqvIZWNyRIRHF8juliGR-E?authuser=0&hl=fr&rclk=1"
"ECAF Formation Aix en Provence, Groupe 8-C","Centre de formation","04 89 49 97 27","","","","https://formation-ecaf.fr/","1060 Rue René Descartes B","","Aix-en-Provence","FR","43.4952283","5.3479399","5","8","","Oui","","","","","0","","Non","https://www.google.com/maps/place/ECAF+Formation+Aix+en+Provence,+Groupe+8-C/data=!4m7!3m6!1s0x12c9ed454fad5c45:0x5d206feaed7919fc!8m2!3d43.4952283!4d5.3479399!16s%2Fg%2F11x84pmvn1!19sChIJRVytT0XtyRIR_Bl57epvIF0?authuser=0&hl=fr&rclk=1"
"Centre de Formation en EFT","Centre de formation continue","06 20 78 40 71","","","","https://www.formation-eft.net/","1 Rue de l'Opéra","","Aix-en-Provence","FR","43.5272438","5.452434","5","105","","Oui","","","","","0","","Non","https://www.google.com/maps/place/Centre+de+Formation+en+EFT/data=!4m7!3m6!1s0x12c98dbe1c70a58f:0x45dc6672e6628264!8m2!3d43.5272438!4d5.452434!16s%2Fg%2F11f0kx_vm8!19sChIJj6VwHL6NyRIRZIJi5nJm3EU?authuser=0&hl=fr&rclk=1"
"ArteFAQs Permis d'exploitation - HACCP - Hygiène en restauration commerciale","Centre de formation continue","09 81 04 18 18","","","","https://www.artefaqs.eu/","","","Aix-en-Provence","FR","43.5345924","5.4241193","5","108","","Oui","","","","","0","","Non","https://www.google.com/maps/place/ArteFAQs+Permis+d%27exploitation+-+HACCP+-+Hygi%C3%A8ne+en+restauration+commerciale/data=!4m7!3m6!1s0x12c98dfd39cd3201:0xff9a5b8f3683e01b!8m2!3d43.5345924!4d5.4241193!16s%2Fg%2F11fd6d7z37!19sChIJATLNOf2NyRIRG-CDNo9bmv8?authuser=0&hl=fr&rclk=1"
"ProNails Aix-en-Provence","Centre de formation continue","04 42 51 50 00","","","","https://www.pronailssud.fr/","","","Aix-en-Provence","FR","43.4793431","5.3950595","5","62","","Oui","","","","","0","","Non","https://www.google.com/maps/place/ProNails+Aix-en-Provence/data=!4m7!3m6!1s0x12c9ed2e25d4f1f3:0x5473aa036b965582!8m2!3d43.4793431!4d5.3950595!16s%2Fg%2F11b6d28t47!19sChIJ8_HUJS7tyRIRglWWawOqc1Q?authuser=0&hl=fr&rclk=1"
"Esthetic Academy of Technologies Aix-en-Provence","Centre de formation","01 84 80 93 34","","aix@esthetic.academy","aix@esthetic.academy (contact); bruxelles@esthetic.academy (contact)","https://esthetic.academy/aix/","","","Aix-en-Provence","FR","43.4792067","5.39536","5","22","","Oui","","","","","0","","Non","https://www.google.com/maps/place/Esthetic+Academy+of+Technologies+Aix-en-Provence/data=!4m7!3m6!1s0x12c99386ab599f6f:0xd05c6b8431822d87!8m2!3d43.4792067!4d5.39536!16s%2Fg%2F11s544s058!19sChIJb59Zq4aTyRIRhy2CMYRrXNA?authuser=0&hl=fr&rclk=1"
"Centre de Formation en Sophrologie Acouphènes","Centre de formation","06 20 78 40 71","","","","https://www.formation-sophrologie-acouphenes.fr/","1 Rue de l'Opéra","","Aix-en-Provence","FR","43.5271778","5.4524471","5","33","","Oui","","","","","0","","Non","https://www.google.com/maps/place/Centre+de+Formation+en+Sophrologie+Acouph%C3%A8nes/data=!4m7!3m6!1s0x12c98d52bf5deb19:0x5b4d36b6624d0d6d!8m2!3d43.5271778!4d5.4524471!16s%2Fg%2F11r21m7q54!19sChIJGetdv1KNyRIRbQ1NYrY2TVs?authuser=0&hl=fr&rclk=1"
"ARGOS Conseils & Formations","Centre de formation continue","04 42 38 93 40","","","","","","","Aix-en-Provence","FR","43.5180984","5.4348297","5","7","","Oui","","","","","0","","Non","https://www.google.com/maps/place/ARGOS+Conseils+%26+Formations/data=!4m7!3m6!1s0x12c98df2b062ee4d:0x92ec77f0c0f86722!8m2!3d43.5180984!4d5.4348297!16s%2Fg%2F11sx1_s8yt!19sChIJTe5isPKNyRIRImf4wPB37JI?authuser=0&hl=fr&rclk=1"
"Cours d'anglais Aix en Provence - Centre de Formation Anglais CPF & OPCO Coaching Professionnel Les Mieux Noté 4.95/5 MCF","Centre de formation","09 72 64 66 52","","","","https://www.englishcoach.fr/formation-anglais-cpf-aix-en-provence-13-2/","1140 Rue André Ampère","","Aix-en-Provence","FR","43.4850539","5.3809076","5","1","","Oui","","","","","0","","Non","https://www.google.com/maps/place/Cours+d%27anglais+Aix+en+Provence+-+Centre+de+Formation+Anglais+CPF+%26+OPCO+Coaching+Professionnel+Les+Mieux+Not%C3%A9+4.95%2F5+MCF/data=!4m7!3m6!1s0x12c9ed2c495738bb:0x1ab13c23bafdbe43!8m2!3d43.4850539!4d5.3809076!16s%2Fg%2F11n72lj642!19sChIJuzhXSSztyRIRQ779uiM8sRo?authuser=0&hl=fr&rclk=1"
"Vast RH Aix - Bilan de compétences","Centre de formation continue","04 84 35 04 84","","","","https://www.vastrh.fr/agence/aix-les-milles/?utm_source=gmb","","","Aix-en-Provence","FR","43.483108","5.3629902","5","69","","Oui","","","","","0","","Non","https://www.google.com/maps/place/Vast+RH+Aix+-+Bilan+de+comp%C3%A9tences/data=!4m7!3m6!1s0x12c9ed2dfbcc7f49:0x61098dca8777be39!8m2!3d43.483108!4d5.3629902!16s%2Fg%2F11m_g66tnk!19sChIJSX_M-y3tyRIROb53h8qNCWE?authuser=0&hl=fr&rclk=1"
"English Coach Aix-en-Provence – Les Mieux Notés 4.95★ | Formation Anglais CPF & OPCO | Coaching Pro Entreprises & Cadresvence","Centre de formation continue","09 72 64 66 52","","","","https://www.englishcoach.fr/","1140 Rue André Ampère","","Aix-en-Provence","FR","43.4853547","5.3804902","5","5","","Oui","","","","","0","","Non","https://www.google.com/maps/place/English+Coach+Aix-en-Provence+%E2%80%93+Les+Mieux+Not%C3%A9s+4.95%E2%98%85+%7C+Formation+Anglais+CPF+%26+OPCO+%7C+Coaching+Pro+Entreprises+%26+Cadresvence/data=!4m7!3m6!1s0x12c9ed3b86c98171:0x63c6070dbc9c24c2!8m2!3d43.4853547!4d5.3804902!16s%2Fg%2F11fz335w4q!19sChIJcYHJhjvtyRIRwiScvA0HxmM?authuser=0&hl=fr&rclk=1"
"GRETA","Centre de formation","09 80 88 95 44","","","","https://forpro-paca.com/GRETA-CFA-Provence.html","","","Aix-en-Provence","FR","43.5254964","5.421019","5","1","","Oui","","","","","0","","Non","https://www.google.com/maps/place/GRETA/data=!4m7!3m6!1s0x12c98dc1eaca47bf:0xea9fffcdf0961eb6!8m2!3d43.5254964!4d5.421019!16s%2Fg%2F11r8jy2z99!19sChIJv0fK6sGNyRIRth6W8M3_n-o?authuser=0&hl=fr&rclk=1"
"GMZ Formations","Centre de formation continue","07 50 56 67 74","","","","https://www.gmzformations.com/","1165 Rue Jean René Guillibert Gauthier de la Lauzière","","Aix-en-Provence","FR","43.479659","5.3685827","5","4","","Non","","","","","0","","Non","https://www.google.com/maps/place/GMZ+Formations/data=!4m7!3m6!1s0x3e1f1f847fc0c77:0xfc6f0acf9fc58a95!8m2!3d43.479659!4d5.3685827!16s%2Fg%2F11yfq09d5v!19sChIJdwz8R_jx4QMRlYrFn88Kb_w?authuser=0&hl=fr&rclk=1"
"Permis exploitation France AIX - MARSEILLE","Centre de formation","04 99 63 32 90","","","","http://www.permis-exploitation-france.fr/formation-permis-exploitation-aix-en-provence/","485 Rue Marcellin Berthelot","","Aix-en-Provence","FR","43.4908879","5.3712595","5","3","","Oui","","","","","0","","Non","https://www.google.com/maps/place/Permis+exploitation+France+AIX+-+MARSEILLE/data=!4m7!3m6!1s0x12c9edd979b916ff:0xdadcf814d91670c3!8m2!3d43.4908879!4d5.3712595!16s%2Fg%2F11gr359t4q!19sChIJ_xa5edntyRIRw3AW2RT43No?authuser=0&hl=fr&rclk=1"
"Hestia-Formation","Centre de formation","07 63 79 76 12","","contact@hestiaformation.com","contact@hestiaformation.com (contact); amandineverne@gmail.com (contact)","http://www.hestiaformation.com/","5 Rue Charles Duchesne Bâtiment Le Tertia 1 2e étage","","Aix-en-Provence","FR","43.4914398","5.3706871","5","30","","Oui","","","","","0","","Non","https://www.google.com/maps/place/Hestia-Formation/data=!4m7!3m6!1s0x12c9ed24f9f93891:0x4dc01fa9b39545a1!8m2!3d43.4914398!4d5.3706871!16s%2Fg%2F11sy6x5sgg!19sChIJkTj5-STtyRIRoUWVs6kfwE0?authuser=0&hl=fr&rclk=1"
"Insapiens","Centre de formation continue","07 86 41 15 20","","","","https://insapiens.fr/","","","Aix-en-Provence","FR","43.5330133","5.4490049","5","3","","Oui","","","","","0","","Non","https://www.google.com/maps/place/Insapiens/data=!4m7!3m6!1s0x47e60d32370a5071:0xb1326c72f684839d!8m2!3d43.5330133!4d5.4490049!16s%2Fg%2F11m7qcnqpr!19sChIJcVAKNzIN5kcRnYOE9nJsMrE?authuser=0&hl=fr&rclk=1"
"ASCENCIEL, organisme de formation conseil en management et RH","Centre de formation continue","04 90 17 42 07","","","","http://www.ascenciel.fr/","10 AVENUE JEAN GIONO, Av. du Pigonnet","","Aix-en-Provence","FR","43.5162119","5.4363289","5","72","","Oui","","","","","0","","Non","https://www.google.com/maps/place/ASCENCIEL,+organisme+de+formation+conseil+en+management+et+RH/data=!4m7!3m6!1s0x12c9fe55b86b3f63:0xa81a011807eabca7!8m2!3d43.5162119!4d5.4363289!16s%2Fg%2F11bxb9jxct!19sChIJYz9ruFX-yRIRp7zqBxgBGqg?authuser=0&hl=fr&rclk=1"
"Académie Coiffure Beauté / CFA & école privée de coiffure à Aix-en-Provence : CAP turbo (adulte), BP, Stages Spécifiques","Centre de formation","04 42 27 12 57","","","","https://www.academiecoiffurebeaute.com/","5 Rue Charles Duchesne 1er étage","","Aix-en-Provence","FR","43.4914398","5.3706871","5","84","","Oui","","","","","0","","Non","https://www.google.com/maps/place/Acad%C3%A9mie+Coiffure+Beaut%C3%A9+%2F+CFA+%26+%C3%A9cole+priv%C3%A9e+de+coiffure+%C3%A0+Aix-en-Provence+:+CAP+turbo+%28adulte%29,+BP,+Stages+Sp%C3%A9cifiques/data=!4m7!3m6!1s0x12c9ed3aeb9a13dd:0xaf9a59e24b263d65!8m2!3d43.4914398!4d5.3706871!16s%2Fg%2F11g8nqrr2z!19sChIJ3ROa6zrtyRIRZT0mS-JZmq8?authuser=0&hl=fr&rclk=1"
"AFPS - Assistance Formation Prévention Sécurité","Centre de formation","04 42 96 23 38","","","","http://www.afpsformation.fr/","115 Rue Louis Armand ZI Pôle d'activité d","","Aix-en-Provence","FR","43.4873439","5.3797613","5","20","","Non","","","","","0","","Non","https://www.google.com/maps/place/AFPS+-+Assistance+Formation+Pr%C3%A9vention+S%C3%A9curit%C3%A9/data=!4m7!3m6!1s0x12c9f2fc0e5bb989:0xdbe1a0255dff1eb!8m2!3d43.4873439!4d5.3797613!16s%2Fg%2F11b_2659z9!19sChIJiblbDvzyyRIR6_HfVQIavg0?authuser=0&hl=fr&rclk=1"
"Centre de formation De Dietrich Thermique - Aix-En-Provence","Centre de formation","09 70 84 51 39","","","","https://experience.dedietrich-thermique.fr/","1140 Rue André Ampère ACTIMART II","","Aix-en-Provence","FR","43.4851968","5.3776646","5","18","","Oui","","","","","0","","Non","https://www.google.com/maps/place/Centre+de+formation+De+Dietrich+Thermique+-+Aix-En-Provence/data=!4m7!3m6!1s0x12c9edb56da7061d:0x61d1b58e3b8c5efa!8m2!3d43.4851968!4d5.3776646!16s%2Fg%2F11shstz_xq!19sChIJHQanbbXtyRIR-l6MO4610WE?authuser=0&hl=fr&rclk=1"
"Ares","Centre de formation continue","04 42 96 93 37","","","","https://ares-aix-formation.fr/","","","Aix-en-Provence","FR","43.5232911","5.4338947","5","6","","Oui","","","","","0","","Non","https://www.google.com/maps/place/Ares/data=!4m7!3m6!1s0x12c98d75d6cc7799:0xe0ad5c2b63651bc0!8m2!3d43.5232911!4d5.4338947!16s%2Fg%2F11b6dfrg82!19sChIJmXfM1nWNyRIRwBtlYytcreA?authuser=0&hl=fr&rclk=1"
"Académie de Paro","Centre de formation continue","06 03 27 14 36","","","","https://www.academiedeparo.fr/","","","Aix-en-Provence","FR","43.5171377","5.466389","5","33","","Oui","","","","","0","","Non","https://www.google.com/maps/place/Acad%C3%A9mie+de+Paro/data=!4m7!3m6!1s0x12c98dabfd890e15:0x223008da2b9d702a!8m2!3d43.5171377!4d5.466389!16s%2Fg%2F11fptz7b0b!19sChIJFQ6J_auNyRIRKnCdK9oIMCI?authuser=0&hl=fr&rclk=1"
"École de formation en médecine chinoise Zhōng Lì - Enseignement MTC à Aix-en-Provence (PACA)","Centre de formation","07 69 59 54 96","","","","https://ecolezhongli.com/","1330 Rue Jean René Guillibert Gauthier de la Lauzière Bâtiment A2, entrée B","","Aix-en-Provence","FR","43.4779701","5.3710005","5","70","","Oui","","","","","0","","Non","https://www.google.com/maps/place/%C3%89cole+de+formation+en+m%C3%A9decine+chinoise+Zh%C5%8Dng+L%C3%AC+-+Enseignement+MTC+%C3%A0+Aix-en-Provence+%28PACA%29/data=!4m7!3m6!1s0x12c9937d1da668e9:0xbf0eb6da9b7dcf25!8m2!3d43.4779701!4d5.3710005!16s%2Fg%2F11b7hkc7k5!19sChIJ6WimHX2TyRIRJc99m9q2Dr8?authuser=0&hl=fr&rclk=1"
"ES2 Management","Centre de formation continue","06 23 39 29 17","","sn@es2-management.fr","sn@es2-management.fr (contact); contact@es2-management.fr (contact)","http://www.es2-management.fr/","645 Rue Mayor de Montricher Bat A N° 17","","Aix-en-Provence","FR","43.4798783","5.3809666","5","1","","Oui","","","","","0","","Non","https://www.google.com/maps/place/ES2+Management/data=!4m7!3m6!1s0x12c9ed1a591c6b63:0xb40d158a4cccf94d!8m2!3d43.4798783!4d5.3809666!16s%2Fg%2F1typqjg2!19sChIJY2scWRrtyRIRTfnMTIoVDbQ?authuser=0&hl=fr&rclk=1"
"Formation Croupier Casino Premier","Centre de formation continue","04 42 50 99 86","","contact@fccpremier.com","contact@fccpremier.com (contact)","http://www.fccpremier.com/","4 Rue Mahatma Gandhi","","Aix-en-Provence","FR","43.511907","5.437033","5","12","","Oui","","","","","0","","Non","https://www.google.com/maps/place/Formation+Croupier+Casino+Premier/data=!4m7!3m6!1s0x12c9ed153d98895d:0xdfa876ecafe3acbc!8m2!3d43.511907!4d5.437033!16s%2Fg%2F1v7hx765!19sChIJXYmYPRXtyRIRvKzjr-x2qN8?authuser=0&hl=fr&rclk=1"
"Wimmo Formation Immobilier - Performance Immo - Formation professionnelle","Centre de formation continue","06 12 43 89 40","","wimmo.vb@gmail.com","wimmo.vb@gmail.com (contact)","https://wimmo-formation.com/","","","Aix-en-Provence","FR","43.4877428","5.4256595","5","36","","Oui","","","","","0","","Non","https://www.google.com/maps/place/Wimmo+Formation+Immobilier+-+Performance+Immo+-+Formation+professionnelle/data=!4m7!3m6!1s0x12c993946766fb07:0x31e36f4d1431e4c3!8m2!3d43.4877428!4d5.4256595!16s%2Fg%2F11rhqs0t0s!19sChIJB_tmZ5STyRIRw-QxFE1v4zE?authuser=0&hl=fr&rclk=1"
"Ana Houisse Conseil - Bilan de compétences, bilan d'orientation scolaire","Centre de formation continue","06 51 58 69 04","","ana.houisse@yahoo.fr","ana.houisse@yahoo.fr (contact)","https://ana-houisse-orientation-professionnelle.fr/","","","Aix-en-Provence","FR","43.5149178","5.4331516","5","42","","Oui","","","","","0","","Non","https://www.google.com/maps/place/Ana+Houisse+Conseil+-+Bilan+de+comp%C3%A9tences,+bilan+d%27orientation+scolaire/data=!4m7!3m6!1s0x12c98d9ec2fdd841:0xa363b1751ac9c01c!8m2!3d43.5149178!4d5.4331516!16s%2Fg%2F11b6b2fwhj!19sChIJQdj9wp6NyRIRHMDJGnWxY6M?authuser=0&hl=fr&rclk=1"
"6 ème Sens Formation","Centre de formation continue","04 42 27 12 57","","","","http://www.academiecoiffurebeaute.com/","50 Rue Henri Bessemer","","Aix-en-Provence","FR","43.4834038","5.3814608","5","4","","Oui","","","","","0","","Non","https://www.google.com/maps/place/6+%C3%A8me+Sens+Formation/data=!4m7!3m6!1s0x12c9ed3aea966353:0x21e8a8c6e5eb0bd3!8m2!3d43.4834038!4d5.3814608!16s%2Fg%2F1hc31q0y9!19sChIJU2OW6jrtyRIR0wvr5cao6CE?authuser=0&hl=fr&rclk=1"
"Makeup Institute Miami","Centre de formation continue","06 12 20 14 87","","","","https://www.makeupmiami.institute/","11 Rue Louise Colet","","Aix-en-Provence","FR","43.5275674","5.4347645","5","145","","Oui","","","","","0","","Non","https://www.google.com/maps/place/Makeup+Institute+Miami/data=!4m7!3m6!1s0x12c98df0a0e377bd:0xbe5bf2934fa53f7b!8m2!3d43.5275674!4d5.4347645!16s%2Fg%2F11q84n2d_6!19sChIJvXfjoPCNyRIRez-lT5PyW74?authuser=0&hl=fr&rclk=1"
"Institut Chiapi - Centre de formation sevrage tabagique","Centre de formation","04 82 29 92 14","","","","https://arreterdefumer.info/","","","Aix-en-Provence","FR","43.5250318","5.4466188","5","16","","Oui","","","","","0","","Non","https://www.google.com/maps/place/Institut+Chiapi+-+Centre+de+formation+sevrage+tabagique/data=!4m7!3m6!1s0x6682b50d06f3d5ab:0xe8cecc03e4fbd5a7!8m2!3d43.5250318!4d5.4466188!16s%2Fg%2F11t7p752b3!19sChIJq9XzBg21gmYRp9X75APMzug?authuser=0&hl=fr&rclk=1"
"Odyssée Bien-Être - Massages et Formation - Aix-en-Provence","Centre de formation","06 15 43 08 18","","contact.odysseeformation@gmail.com","contact.odysseeformation@gmail.com (contact); aoreade@yahoo.fr (contact)","http://odyssee-bienetre.com/","","","Aix-en-Provence","FR","43.514264","5.4695371","5","32","","Oui","","","","","0","","Non","https://www.google.com/maps/place/Odyss%C3%A9e+Bien-%C3%8Atre+-+Massages+et+Formation+-+Aix-en-Provence/data=!4m7!3m6!1s0x12c98db098f59b9d:0xcfd6fc3800892a61!8m2!3d43.514264!4d5.4695371!16s%2Fg%2F11c1t5_00l!19sChIJnZv1mLCNyRIRYSqJADj81s8?authuser=0&hl=fr&rclk=1"
"IRFEDD","Centre de formation continue","04 42 61 17 29","","","","http://irfedd.org/","","","Aix-en-Provence","FR","43.4894194","5.3344197","5","1","","Non","","","","","0","","Non","https://www.google.com/maps/place/IRFEDD/data=!4m7!3m6!1s0x12c9edc0eb58c8bf:0x988a0fd13426c634!8m2!3d43.4894194!4d5.3344197!16s%2Fg%2F11b6__7gw0!19sChIJv8hY68DtyRIRNMYmNNEPipg?authuser=0&hl=fr&rclk=1"
"Formation commerciale et managériale à Aix en Provence - Booster Academy","Centre de formation continue","07 52 23 35 72","","contact@booster-academy.fr","contact@booster-academy.fr (contact)","https://www.booster-academy.fr/nos-centres-de-formation-commerciale/aix-en-provence/","","","Aix-en-Provence","FR","43.4813909","5.3650708","5","29","","Oui","","","","","0","","Non","https://www.google.com/maps/place/Formation+commerciale+et+manag%C3%A9riale+%C3%A0+Aix+en+Provence+-+Booster+Academy/data=!4m7!3m6!1s0x12c9ed1af842b07d:0xe05a15035908ad38!8m2!3d43.4813909!4d5.3650708!16s%2Fg%2F11f_j3hyn2!19sChIJfbBC-BrtyRIROK0IWQMVWuA?authuser=0&hl=fr&rclk=1"
"Formation HACCP & Permis d'Exploitation Aix en Provence","Centre de formation","04 22 59 10 00","","contact@lemoinscher-formation.com","contact@lemoinscher-formation.com (contact)","https://www.lemoinscher-formation.com/","","","Aix-en-Provence","FR","43.5121933","5.4698285","5","1","","Oui","","","","","0","","Non","https://www.google.com/maps/place/Formation+HACCP+%26+Permis+d%27Exploitation+Aix+en+Provence/data=!4m7!3m6!1s0x12c98dc2df512ead:0x396644bc83d1ff05!8m2!3d43.5121933!4d5.4698285!16s%2Fg%2F11nnwcq4qr!19sChIJrS5R38KNyRIRBf_Rg7xEZjk?authuser=0&hl=fr&rclk=1"
"Faster Forward Academy Aix-en-Provence – Formation Anglais CPF PACA | Vivez l’Expérience R8 du Coaching en Anglais","Centre de formation continue","06 01 77 77 02","","","","https://fasterforward.org/","1140 Rue André Ampère","","Aix-en-Provence","FR","43.4856106","5.3793679","5","2","","Oui","","","","","0","","Non","https://www.google.com/maps/place/Faster+Forward+Academy+Aix-en-Provence+%E2%80%93+Formation+Anglais+CPF+PACA+%7C+Vivez+l%E2%80%99Exp%C3%A9rience+R8+du+Coaching+en+Anglais/data=!4m7!3m6!1s0x12c9ed578b0225f7:0x66ec1a03b37b598b!8m2!3d43.4856106!4d5.3793679!16s%2Fg%2F11s8fspg8c!19sChIJ9yUCi1ftyRIRi1l7swMa7GY?authuser=0&hl=fr&rclk=1"
"Compétences SD","Centre de formation continue","04 42 26 62 84","","","","http://www.competences-sd.fr/","50 Avenue Dr Fernand Aurientis","","Aix-en-Provence","FR","43.5304833","5.4580851","5","5","","Oui","","","","","0","","Non","https://www.google.com/maps/place/Comp%C3%A9tences+SD/data=!4m7!3m6!1s0x12c98dc0bf655cad:0x5b712be67ecc7c8d!8m2!3d43.5304833!4d5.4580851!16s%2Fg%2F11f24wz1xl!19sChIJrVxlv8CNyRIRjXzMfuYrcVs?authuser=0&hl=fr&rclk=1"
"Centre FP3A","Centre de formation continue","04 42 38 60 00","","","","","75 Rue Marcellin Berthelot","","Aix-en-Provence","FR","43.4931208","5.3699025","5","2","","Oui","","","","","0","","Non","https://www.google.com/maps/place/Centre+FP3A/data=!4m7!3m6!1s0x12c9ed6b7d117d53:0xb254df05dbc6b129!8m2!3d43.4931208!4d5.3699025!16s%2Fg%2F11gdgwyl1m!19sChIJU30RfWvtyRIRKbHG2wXfVLI?authuser=0&hl=fr&rclk=1"
"Centre Eden Formation Enseignements des Arts Vibratoires Et Divinatoires","Centre de formation","06 07 82 66 49","","","","https://www.centre-eden-formation.fr/","27 Rue du Maréchal Joffre","","Aix-en-Provence","FR","43.5266925","5.4536451","4.9","254","","Oui","","","","","0","","Non","https://www.google.com/maps/place/Centre+Eden+Formation+Enseignements+des+Arts+Vibratoires+Et+Divinatoires/data=!4m7!3m6!1s0x47e6650513c76001:0xd4ccf7eb082d992a!8m2!3d43.5266925!4d5.4536451!16s%2Fg%2F11j6fw9k7r!19sChIJAWDHEwVl5kcRKpktCOv3zNQ?authuser=0&hl=fr&rclk=1"
"ActiROUTE - Aix en Provence","Centre de formation continue","04 65 84 58 01","","","","https://www.actiroute.com/stage-de-recuperation-de-points/lieux-stage/aljepa-aix-en-provence/?utm_source=google&utm_medium=gmb&utm_campaign=actiroute-aix-en-provence-2354","135 Rue Albert Einstein","","Aix-en-Provence","FR","43.4932439","5.3729122","4.9","14","","Oui","","","","","0","","Non","https://www.google.com/maps/place/ActiROUTE+-+Aix+en+Provence/data=!4m7!3m6!1s0x12c9ed3cbe3a3ee3:0x8f54a1a5fc150547!8m2!3d43.4932439!4d5.3729122!16s%2Fg%2F11y7wm_64p!19sChIJ4z46vjztyRIRRwUV_KWhVI8?authuser=0&hl=fr&rclk=1"
"IRCE - Institut Régional des Chefs d'Entreprise","Centre de formation continue","04 42 59 90 00","","","","https://www.irce.fr/","","","Aix-en-Provence","FR","43.5225353","5.3766981","4.9","70","","Oui","","","","","0","","Non","https://www.google.com/maps/place/IRCE+-+Institut+R%C3%A9gional+des+Chefs+d%27Entreprise/data=!4m7!3m6!1s0x12c9f2bce8be9653:0xb8021e31f4d54955!8m2!3d43.5225353!4d5.3766981!16s%2Fg%2F1wnzbx9n!19sChIJU5a-6LzyyRIRVUnV9DEeArg?authuser=0&hl=fr&rclk=1"
"Formation incendie extincteur Aix-en-Provence - Alertis","Centre de formation continue","04 78 90 46 30","","info@alertis.fr","info@alertis.fr (contact); info@alertis.frl (contact)","https://www.alertis.fr/formation-incendie-manipulation-des-extincteurs-aix-en-provence/","70 Rue Beauvoisin","","Aix-en-Provence","FR","43.5073282","5.4058586","4.9","8","","Oui","","","","","0","","Non","https://www.google.com/maps/place/Formation+incendie+extincteur+Aix-en-Provence+-+Alertis/data=!4m7!3m6!1s0x12c993e723eac1fd:0xd7d25f721d75aed5!8m2!3d43.5073282!4d5.4058586!16s%2Fg%2F11x0nt2gmr!19sChIJ_cHqI-eTyRIR1a51HXJf0tc?authuser=0&hl=fr&rclk=1"
"CAPECIA Formations - centre de formation","Centre de formation continue","04 42 50 50 11","","contact@capecia-formations.fr","contact@capecia-formations.fr (contact)","http://capecia-formations.fr/","24 Rue Emeric David","","Aix-en-Provence","FR","43.5278031","5.4535593","4.9","10","","Oui","","","","","0","","Non","https://www.google.com/maps/place/CAPECIA+Formations+-+centre+de+formation/data=!4m7!3m6!1s0x12c98dbe30aeaaab:0x88dd8fd39d93c91e!8m2!3d43.5278031!4d5.4535593!16s%2Fg%2F11p5gcv6py!19sChIJq6quML6NyRIRHsmTndOP3Yg?authuser=0&hl=fr&rclk=1"
"S.S.P.T Formation Aix - Marseille (SST, AIPR, Formation EPI / incendie, Habilitation électrique, journée sécurité)","Centre de formation","04 42 79 78 60","","","","http://ssptformation.com/","1330 Rue Jean René Guillibert Gauthier de la Lauzière Bâtiment B5","","Aix-en-Provence","FR","43.4781713","5.3729357","4.9","1488","","Oui","","","","","0","","Non","https://www.google.com/maps/place/S.S.P.T+Formation+Aix+-+Marseille+%28SST,+AIPR,+Formation+EPI+%2F+incendie,+Habilitation+%C3%A9lectrique,+journ%C3%A9e+s%C3%A9curit%C3%A9%29/data=!4m7!3m6!1s0x12c9df131c5ec797:0xeb04dbfcb8fc0bdc!8m2!3d43.4781713!4d5.3729357!16s%2Fg%2F11fqp76djk!19sChIJl8deHBPfyRIR3Av8uPzbBOs?authuser=0&hl=fr&rclk=1"
"IDEA FORMATION","Centre de formation continue","04 42 50 57 80","","","","https://www.idea-formation.fr/","5 Rue Charles Duchesne","","Aix-en-Provence","FR","43.491404","5.3707632","4.9","80","","Oui","","","","","0","","Non","https://www.google.com/maps/place/IDEA+FORMATION/data=!4m7!3m6!1s0x12c9ed3bad3d9793:0xaf6489ae7dcf3e2f!8m2!3d43.491404!4d5.3707632!16s%2Fg%2F11btlsf0gr!19sChIJk5c9rTvtyRIRLz7Pfa6JZK8?authuser=0&hl=fr&rclk=1"
"ORSYS Formation Aix-en-Provence","Centre de formation continue","04 42 54 57 40","","aix@orsys.fr","aix@orsys.fr (contact); psh-accueil@orsys.fr (contact); rgpd@orsys.fr (contact); contactpresse@orsys.fr (contact)","https://www.orsys.fr/nos-centres-de-formation/aix-en-provence?utm_source=gmb&utm_medium=Pagesjaunes&utm_campaign=centreAix","550 Rue Pierre Berthier","","Aix-en-Provence","FR","43.4776422","5.3742765","4.9","8","","Oui","","","","","0","","Non","https://www.google.com/maps/place/ORSYS+Formation+Aix-en-Provence/data=!4m7!3m6!1s0x12c9ed2273de0807:0xd3abb1d871aa6f!8m2!3d43.4776422!4d5.3742765!16s%2Fg%2F1tm3m3qz!19sChIJBwjecyLtyRIRb6px2LGr0wA?authuser=0&hl=fr&rclk=1"
"Groupe Belmont Aix en Provence - Formation Post Bac & Professionnelle en Alternance","Centre de formation continue","04 42 24 49 49","","","","https://groupe-belmont.fr/","100 Rue Pierre Duhem","","Aix-en-Provence","FR","43.479101","5.373514","4.9","74","","Oui","","","","","0","","Non","https://www.google.com/maps/place/Groupe+Belmont+Aix+en+Provence+-+Formation+Post+Bac+%26+Professionnelle+en+Alternance/data=!4m7!3m6!1s0x12c98d9a5e10647f:0x9eb644cdc0f51100!8m2!3d43.479101!4d5.373514!16s%2Fg%2F1tf3l2_4!19sChIJf2QQXpqNyRIRABH1wM1Etp4?authuser=0&hl=fr&rclk=1"
"ENVOLL Conseil et Formation - Centre de Formation Professionnel","Centre de formation","04 42 92 29 72","","contact@envoll.fr","contact@envoll.fr (contact)","https://www.envoll.fr/","","","Aix-en-Provence","FR","43.4794444","5.3945891","4.9","168","","Oui","","","","","0","","Non","https://www.google.com/maps/place/ENVOLL+Conseil+et+Formation+-+Centre+de+Formation+Professionnel/data=!4m7!3m6!1s0x12c9ed3ebeb02c2b:0xba4ba0258e584bb6!8m2!3d43.4794444!4d5.3945891!16s%2Fg%2F12cplw80d!19sChIJKyywvj7tyRIRtktYjiWgS7o?authuser=0&hl=fr&rclk=1"
"Bonjour Provence","Centre de formation continue","04 42 96 96 10","","contact@bonjourprovence.fr","contact@bonjourprovence.fr (contact); speedlearning@bonjourprovence.fr (contact)","http://www.bonjourprovence.fr/","","","Aix-en-Provence","FR","43.5263929","5.4546961","4.9","62","","Oui","","","","","0","","Non","https://www.google.com/maps/place/Bonjour+Provence/data=!4m7!3m6!1s0x12c98d957ae40495:0x352ff0a1ea713b5f!8m2!3d43.5263929!4d5.4546961!16s%2Fg%2F1txr5nph!19sChIJlQTkepWNyRIRXztx6qHwLzU?authuser=0&hl=fr&rclk=1"
"Quesacoach","Centre de formation à distance","04 65 07 02 23","","","","http://quesacoach.com/","","","Aix-en-Provence","FR","43.4812045","5.3650453","4.9","45","","Oui","","","","","0","","Non","https://www.google.com/maps/place/Quesacoach/data=!4m7!3m6!1s0x676338921d64e4d3:0xa84e29335f19fe97!8m2!3d43.4812045!4d5.3650453!16s%2Fg%2F11pdr9k4d4!19sChIJ0-RkHZI4Y2cRl_4ZXzMpTqg?authuser=0&hl=fr&rclk=1"
"Elythe - Centre de Formation Aix en Provence","Centre de formation continue","04 42 24 29 03","","info@elythe.com","info@elythe.com (contact); info@elythe.com.ci (contact); info@elythe.com.il (contact)","http://www.elythe.com/","","","Aix-en-Provence","FR","43.4860029","5.378347","4.9","96","","Oui","","","","","0","","Non","https://www.google.com/maps/place/Elythe+-+Centre+de+Formation+Aix+en+Provence/data=!4m7!3m6!1s0x12c9ed3b8fa4ff15:0x62186672bcadc819!8m2!3d43.4860029!4d5.378347!16s%2Fg%2F12hrk30vg!19sChIJFf-kjzvtyRIRGcitvHJmGGI?authuser=0&hl=fr&rclk=1"
"Pôle de Formation Equestre du Pays d'Aix","Centre équestre","04 42 20 18 26","","contact@poledeformationequestredupaysdaix.com","contact@poledeformationequestredupaysdaix.com (contact)","https://poledeformationequestredupaysdaix.com/","","","Aix-en-Provence","FR","43.5103375","5.4291736","4.8","6","","Oui","","","","","0","","Non","https://www.google.com/maps/place/P%C3%B4le+de+Formation+Equestre+du+Pays+d%27Aix/data=!4m7!3m6!1s0x12c98d7d94f3cafb:0x1e89198fcdb0d8fe!8m2!3d43.5103375!4d5.4291736!16s%2Fg%2F11flt37x6n!19sChIJ-8rzlH2NyRIR_tiwzY8ZiR4?authuser=0&hl=fr&rclk=1"
"Centre de formation Roger Para Aix-en-Provence","Centre d'apprentissage","04 65 26 01 55","","rogerpara.e.bremond@gmail.com","rogerpara.e.bremond@gmail.com (contact); info-contact@rogerpara.fr (contact); direction.rogerpara@gmail.com (contact); 34rogerpara.b.poncon@gmail.com (contact); 83rogerpara.e.garot@gmail.com (contact); 00rogerpara.m.mouttet@gmail.com (contact); 55rogerpara.v.morbelli@gmail.com (contact); 05rogerpara.carine.didier@gmail.com (contact); 20leogervais.rogerpara@gmail.com (contact)","https://rogerpara.fr/","","","Aix-en-Provence","FR","43.5239189","5.4410863","4.8","43","","Oui","","","","","0","","Non","https://www.google.com/maps/place/Centre+de+formation+Roger+Para+Aix-en-Provence/data=!4m7!3m6!1s0x12c98d994b1d8df1:0x386f37df8c77c4a7!8m2!3d43.5239189!4d5.4410863!16s%2Fg%2F1vd3m2wm!19sChIJ8Y0dS5mNyRIRp8R3jN83bzg?authuser=0&hl=fr&rclk=1"
"Ecole de Sophrologie Aix-Marseille","Centre de formation continue","06 59 71 69 56","","","","https://www.sophro-formation-am.fr/","190 Rue Marcelle Isoard","","Aix-en-Provence","FR","43.5064986","5.4138294","4.8","31","","Oui","","","","","0","","Non","https://www.google.com/maps/place/Ecole+de+Sophrologie+Aix-Marseille/data=!4m7!3m6!1s0x12c992a1bf338da1:0x7ee5ddd017c02774!8m2!3d43.5064986!4d5.4138294!16s%2Fg%2F11f3tx6__q!19sChIJoY0zv6GSyRIRdCfAF9Dd5X4?authuser=0&hl=fr&rclk=1"
"WEDGE Institute - Formation Diagnostic Immobilier - Performance énergétique - Aix-en-Provence","Centre de formation","04 82 53 95 25","","","","http://www.wedge-formation.com/","5 Rue des Allumettes","","Aix-en-Provence","FR","43.5244876","5.4400711","4.8","39","","Oui","","","","","0","","Non","https://www.google.com/maps/place/WEDGE+Institute+-+Formation+Diagnostic+Immobilier+-+Performance+%C3%A9nerg%C3%A9tique+-+Aix-en-Provence/data=!4m7!3m6!1s0x12c98d5628a9ee81:0xddb020bfcdd0ec26!8m2!3d43.5244876!4d5.4400711!16s%2Fg%2F11fll2xr7l!19sChIJge6pKFaNyRIRJuzQzb8gsN0?authuser=0&hl=fr&rclk=1"
"American Center - Centre International des Langues","Centre de formation","04 42 38 42 38","","aix@americancenter.fr","aix@americancenter.fr (contact); marseille@americancenter.fr (contact); lyon@americancenter.fr (contact); paris@americancenter.fr (contact)","http://www.americancenter.fr/","","","Aix-en-Provence","FR","43.5136418","5.4457364","4.8","83","","Oui","","","","","0","","Non","https://www.google.com/maps/place/American+Center+-+Centre+International+des+Langues/data=!4m7!3m6!1s0x12c98dbf50e7096f:0x2c1445bebdc881a8!8m2!3d43.5136418!4d5.4457364!16s%2Fg%2F1tdjt6jd!19sChIJbwnnUL-NyRIRqIHIvb5FFCw?authuser=0&hl=fr&rclk=1"
"Actimmis","Centre de formation continue","04 42 20 99 19","","","","https://www.actimmis.fr/fr/","75 Rue Marcellin Berthelot Antelios Bat C","","Aix-en-Provence","FR","43.49364","5.370883","4.8","22","","Oui","","","","","0","","Non","https://www.google.com/maps/place/Actimmis/data=!4m7!3m6!1s0x12c9ed6b7a5b0bad:0xafb85eaba281738f!8m2!3d43.49364!4d5.370883!16s%2Fg%2F1v2bn4jt!19sChIJrQtbemvtyRIRj3OBoqteuK8?authuser=0&hl=fr&rclk=1"
"2i Academy","Centre de formation continue","04 42 39 31 37","","","","https://2iacademy.com/","235 Rue Denis Papin Bât B","","Aix-en-Provence","FR","43.4963932","5.3450206","4.8","35","","Oui","","","","","0","","Non","https://www.google.com/maps/place/2i+Academy/data=!4m7!3m6!1s0x12c9ed7025ca56d7:0xfbd7bfe105e9078d!8m2!3d43.4963932!4d5.3450206!16s%2Fg%2F11b6dplgjr!19sChIJ11bKJXDtyRIRjQfpBeG_1_s?authuser=0&hl=fr&rclk=1"
"ABC Ambitions","Centre de formation","04 42 93 15 02","","contact@abcambitions.com","contact@abcambitions.com (contact)","https://www.abcambitions.com/","","","Aix-en-Provence","FR","43.5134343","5.4580786","4.8","31","","Oui","","","","","0","","Non","https://www.google.com/maps/place/ABC+Ambitions/data=!4m7!3m6!1s0x12c98d7077ad6041:0xbc2cad0cb6307453!8m2!3d43.5134343!4d5.4580786!16s%2Fg%2F11fk18msfr!19sChIJQWCtd3CNyRIRU3QwtgytLLw?authuser=0&hl=fr&rclk=1"
"EFPNL formations PNL & hypnose certifiantes Aix en Provence","Centre de formation continue","06 34 48 11 91","","73contact@efpnl.fr","73contact@efpnl.fr (contact); contact@efpnl.fr (contact); contact@efpnl.fr.vous (contact)","http://www.efpnl.fr/","","","Aix-en-Provence","FR","43.4974429","5.4278503","4.8","40","","Oui","","","","","0","","Non","https://www.google.com/maps/place/EFPNL+formations+PNL+%26+hypnose+certifiantes+Aix+en+Provence/data=!4m7!3m6!1s0x12c99334d9cbc88f:0x159f058b2a4c52d!8m2!3d43.4974429!4d5.4278503!16s%2Fg%2F11h84z7ytb!19sChIJj8jL2TSTyRIRLcWksljwWQE?authuser=0&hl=fr&rclk=1"
"FormatCo - Centre de Formation Aix en Provence","Centre de formation continue","04 42 24 29 03","","","","http://www.formatco.fr/","","","Aix-en-Provence","FR","43.4855962","5.3787741","4.8","5","","Oui","","","","","0","","Non","https://www.google.com/maps/place/FormatCo+-+Centre+de+Formation+Aix+en+Provence/data=!4m7!3m6!1s0x12c9ed3b861e1991:0xbd2fb5cf085d57d0!8m2!3d43.4855962!4d5.3787741!16s%2Fg%2F1vj19yhh!19sChIJkRkehjvtyRIR0FddCM-1L70?authuser=0&hl=fr&rclk=1"
"EFPP Formation","Centre de formation","04 88 29 63 08","","","","http://www.efppformation.com/","","","Aix-en-Provence","FR","43.5142234","5.4297358","4.8","4","","Oui","","","","","0","","Non","https://www.google.com/maps/place/EFPP+Formation/data=!4m7!3m6!1s0x12c98d7bf1db6c1b:0x42915318d93ca78d!8m2!3d43.5142234!4d5.4297358!16s%2Fg%2F11ddt40t70!19sChIJG2zb8XuNyRIRjac82RhTkUI?authuser=0&hl=fr&rclk=1"
"Move Up Formation","Centre de formation continue","04 65 07 22 22","","franchise@moveup-formation.frle","franchise@moveup-formation.frle (contact); franchise@moveup-formation.fr (contact)","https://moveup-formation.fr/?form=aix","155 Rue Paul Langevin","","Aix-en-Provence","FR","43.4801995","5.3720772","4.8","247","","Oui","","","","","0","","Non","https://www.google.com/maps/place/Move+Up+Formation/data=!4m7!3m6!1s0x12c9ed498cde0227:0xa190b624acaa091c!8m2!3d43.4801995!4d5.3720772!16s%2Fg%2F11rww_5zp2!19sChIJJwLejEntyRIRHAmqrCS2kKE?authuser=0&hl=fr&rclk=1"
"Formaltic - Aix En Provence","Centre de formation","04 42 50 60 28","","","","https://www.formaltic.fr/","","","Aix-en-Provence","FR","43.4850531","5.3803765","4.8","306","","Oui","","","","","0","","Non","https://www.google.com/maps/place/Formaltic+-+Aix+En+Provence/data=!4m7!3m6!1s0x12c9ed39682adf15:0x359bafea5f4ce29b!8m2!3d43.4850531!4d5.3803765!16s%2Fg%2F11b7q3xym9!19sChIJFd8qaDntyRIRm-JMX-qvmzU?authuser=0&hl=fr&rclk=1"
"Wall Street English Aix-En-Provence","École de langue","04 42 99 09 00","","","","https://wallstreetenglish.fr/ecoles/cours-anglais-aix-en-provence?utm_source=googlemybusiness&utm_medium=organic&utm_campaign=descriptionpage&utm_content=lienprincipal&src_typ=SEO&src_det=SEO_Google_My_Business","","","Aix-en-Provence","FR","43.5320485","5.4531925","4.8","79","","Oui","","","","","0","","Non","https://www.google.com/maps/place/Wall+Street+English+Aix-En-Provence/data=!4m7!3m6!1s0x12c98db92e99195b:0xd7d968b13128a303!8m2!3d43.5320485!4d5.4531925!16s%2Fg%2F1tdfqbd_!19sChIJWxmZLrmNyRIRA6MoMbFo2dc?authuser=0&hl=fr&rclk=1"
"Acfitec","Siège social","04 42 92 86 31","","","","https://www.habilitation-electrique.org/","730 Rue René DescartesFerme bientôt ⋅ 12:00 ⋅ Rouvre à 13:30","","Aix-en-Provence","FR","43.492569","5.3494828","4.7","26","","Non","","","","","0","","Non","https://www.google.com/maps/place/Acfitec/data=!4m7!3m6!1s0x47e66e380ee40117:0x3b2cf65bf3598736!8m2!3d43.492569!4d5.3494828!16s%2Fg%2F1tp1y3g3!19sChIJFwHkDjhu5kcRNodZ81v2LDs?authuser=0&hl=fr&rclk=1"
"Le COAM Cours d'Oenologie Aix-en-Provence","Centre de formation","01 43 87 05 93","","","","https://www.lecoam.eu/","","","Aix-en-Provence","FR","43.5268505","5.447765","4.7","29","","Oui","","","","","0","","Non","https://www.google.com/maps/place/Le+COAM+Cours+d%27Oenologie+Aix-en-Provence/data=!4m7!3m6!1s0x12c98d3b635c14b9:0x140c0f9da50ba14a!8m2!3d43.5268505!4d5.447765!16s%2Fg%2F11q1sb07qk!19sChIJuRRcYzuNyRIRSqELpZ0PDBQ?authuser=0&hl=fr&rclk=1"
"Ecole EFPP Psychothérapie Psychologie Psychanalyste Criminologue E-LEARNING","Centre de formation continue","01 86 90 85 35","","","","https://www.efpp-e-learning.com/","","","Aix-en-Provence","FR","43.5284222","5.4313859","4.7","102","","Oui","","","","","0","","Non","https://www.google.com/maps/place/Ecole+EFPP+Psychoth%C3%A9rapie+Psychologie+Psychanalyste+Criminologue+E-LEARNING/data=!4m7!3m6!1s0x12c98d0c0e03353b:0x3f54b6aeb307f625!8m2!3d43.5284222!4d5.4313859!16s%2Fg%2F11c1v04xz3!19sChIJOzUDDgyNyRIRJfYHs662VD8?authuser=0&hl=fr&rclk=1"
"VICTORIA Formation","Centre de formation","06 72 44 88 71","","jimmy.cini@victoria-formation.fr","jimmy.cini@victoria-formation.fr (contact)","http://www.victoria-formation.fr/","30 avenue MALACRIDA Aix Metropole","","Aix-en-Provence","FR","43.5135449","5.4695185","4.7","62","","Oui","","","","","0","","Non","https://www.google.com/maps/place/VICTORIA+Formation/data=!4m7!3m6!1s0x12c98db3f15f8c61:0x15b2aa6d10999a45!8m2!3d43.5135449!4d5.4695185!16s%2Fg%2F11fk4ly3hr!19sChIJYYxf8bONyRIRRZqZEG2qshU?authuser=0&hl=fr&rclk=1"
"CVRH Aix-en-Provence","Centre de formation","04 86 94 67 15","","","","https://www.cmvrh.developpement-durable.gouv.fr/cvrh-aix-r121.html","680 Rue Albert Einstein","","Aix-en-Provence","FR","43.4915657","5.3779487","4.7","10","","Oui","","","","","0","","Non","https://www.google.com/maps/place/CVRH+Aix-en-Provence/data=!4m7!3m6!1s0x12c9ed475234d193:0x1adb90d722844f9f!8m2!3d43.4915657!4d5.3779487!16s%2Fg%2F1hc7nmwy4!19sChIJk9E0UkftyRIRn0-EIteQ2xo?authuser=0&hl=fr&rclk=1"
"EFCoaching formation coaching Aix en Provence","Centre de formation","06 19 44 67 73","","","","https://formation-metier-coach.com/","","","Aix-en-Provence","FR","43.5021245","5.4320723","4.6","11","","Oui","","","","","0","","Non","https://www.google.com/maps/place/EFCoaching+formation+coaching+Aix+en+Provence/data=!4m7!3m6!1s0x12c9933a8d0df0d3:0x1d9d4652b3adc4cc!8m2!3d43.5021245!4d5.4320723!16s%2Fg%2F11bt_grw_5!19sChIJ0_ANjTqTyRIRzMSts1JGnR0?authuser=0&hl=fr&rclk=1"
"Career Consulting - Coaching de transition professionnelle - Bilan de compétences - VAE à Aix-en-Provence","Centre de formation continue","06 29 79 30 17","","","","https://www.career-consulting.fr/","350 Rue Jean René Guillibert Gauthier de la Lauzière","","Aix-en-Provence","FR","43.4812233","5.3650936","4.6","31","","Oui","","","","","0","","Non","https://www.google.com/maps/place/Career+Consulting+-+Coaching+de+transition+professionnelle+-+Bilan+de+comp%C3%A9tences+-+VAE+%C3%A0+Aix-en-Provence/data=!4m7!3m6!1s0x12c9ed0ff9ffa121:0x9c70dc02815c8eb!8m2!3d43.4812233!4d5.3650936!16s%2Fg%2F11f52f5d40!19sChIJIaH_-Q_tyRIR68gVKMANxwk?authuser=0&hl=fr&rclk=1"
"Mana Santé","Centre de formation continue","01 89 31 63 82","","","","https://www.manasante.com/","","","Aix-en-Provence","FR","43.526818","5.4470149","4.6","22","","Oui","","","","","0","","Non","https://www.google.com/maps/place/Mana+Sant%C3%A9/data=!4m7!3m6!1s0x12c98df869a9c6e1:0xa709d46d1e163caa!8m2!3d43.526818!4d5.4470149!16s%2Fg%2F11xcrmxx3j!19sChIJ4capafiNyRIRqjwWHm3UCac?authuser=0&hl=fr&rclk=1"
"Formanails Aix en Provence","Centre de formation","09 66 98 59 08","","contact@formanails.fr","contact@formanails.fr (contact); modele.formanails@gmail.com (contact); recrutement@formanails.fr (contact)","https://www.formanails.fr/centre/aix-en-provence/","685 Rue Albert Einstein","","Aix-en-Provence","FR","43.492765","5.3791917","4.6","20","","Oui","","","","","0","","Non","https://www.google.com/maps/place/Formanails+Aix+en+Provence/data=!4m7!3m6!1s0x12c9ede5f653bffd:0xc5e49d08ccaa15e!8m2!3d43.492765!4d5.3791917!16s%2Fg%2F11j47wq2jl!19sChIJ_b9T9uXtyRIRXqHKjNBJXgw?authuser=0&hl=fr&rclk=1"
"Icademie Aix-en-Provence","Centre de formation","04 42 58 86 31","","communication@icademie.com","communication@icademie.com (contact)","https://www.icademie.com/fr/?utm_source=Google&utm_medium=Yext&utm_campaign=10040344","","","Aix-en-Provence","FR","43.4340586","5.3973059","4.5","144","","Oui","","","","","0","","Non","https://www.google.com/maps/place/Icademie+Aix-en-Provence/data=!4m7!3m6!1s0x12c9ed9920aa2307:0x95187bd2711151ae!8m2!3d43.4340586!4d5.3973059!16s%2Fg%2F1tn8nr6x!19sChIJByOqIJntyRIRrlERcdJ7GJU?authuser=0&hl=fr&rclk=1"
"Zoopro - formations animaux de compagnie","Centre de formation continue","09 53 05 96 37","","contact@zoopro.fr","contact@zoopro.fr (contact); reclamation@zoopro.fr (contact); reclamation@zoopro.fr.traitement (contact)","https://www.zoopro.fr/","","","Aix-en-Provence","FR","43.5715664","5.4304095","4.5","25","","Oui","","","","","0","","Non","https://www.google.com/maps/place/Zoopro+-+formations+animaux+de+compagnie/data=!4m7!3m6!1s0x12c98d84f4a8855b:0x5b9ad16aa21e4e01!8m2!3d43.5715664!4d5.4304095!16s%2Fg%2F11snytbbfv!19sChIJW4Wo9ISNyRIRAU4eomrRmls?authuser=0&hl=fr&rclk=1"
"IFMP | Institut de Formation des Métiers de la Pharmacie - Antenne d’Aix-les-Milles","Centre de formation continue","04 91 84 00 00","","contact@ifmpharmacie.fr","contact@ifmpharmacie.fr (contact); coulomb@ifmpharmacie.fr (contact); combe@ifmpharmacie.fr (contact)","https://www.ifmpharmacie.fr/","","","Aix-en-Provence","FR","43.4849769","5.3725008","4.5","2","","Oui","","","","","0","","Non","https://www.google.com/maps/place/IFMP+%7C+Institut+de+Formation+des+M%C3%A9tiers+de+la+Pharmacie+-+Antenne+d%E2%80%99Aix-les-Milles/data=!4m7!3m6!1s0x12c9ed7b7f634ec3:0xc999e109866c502f!8m2!3d43.4849769!4d5.3725008!16s%2Fg%2F11smzk98bc!19sChIJw05jf3vtyRIRL1Bshgnhmck?authuser=0&hl=fr&rclk=1"
"Auto-Moto-Ecole INRI'S Aix Centre - N°1 du Permis Accéléré","Auto-école","04 42 21 12 66","","developpement@inris-formations.com","developpement@inris-formations.com (contact); s.clients@inris-formations.com (contact)","https://inris-formations.com/centres/auto-ecole-inris-aix-centre","15 Rue MignetFerme bientôt ⋅ 12:00 ⋅ Rouvre à 14:00","","Aix-en-Provence","FR","43.5304664","5.4506934","4.4","112","","Non","","","","","0","","Non","https://www.google.com/maps/place/Auto-Moto-Ecole+INRI%27S+Aix+Centre+-+N%C2%B01+du+Permis+Acc%C3%A9l%C3%A9r%C3%A9/data=!4m7!3m6!1s0x12c98dbc3c4f2a2f:0x77fdbb1137712d7d!8m2!3d43.5304664!4d5.4506934!16s%2Fg%2F11g65c7r8x!19sChIJLypPPLyNyRIRfS1xNxG7_Xc?authuser=0&hl=fr&rclk=1"
"EFAP Aix-en-Provence - École de Communication","Établissement d'enseignement supérieur","04 42 24 20 00","","","","","25 Avenue Henri Poncet","","Aix-en-Provence","FR","43.51623","5.444148","4.4","7","","Oui","","","","","0","","Non","https://www.google.com/maps/place/EFAP+Aix-en-Provence+-+%C3%89cole+de+Communication/data=!4m7!3m6!1s0x12c98da3b31d65b1:0xc82f620c1d44c371!8m2!3d43.51623!4d5.444148!16s%2Fg%2F11mtrrm0ft!19sChIJsWUds6ONyRIRccNEHQxiL8g?authuser=0&hl=fr&rclk=1"
"CFA Aix-en-Provence","Centre de formation continue","04 42 60 74 74","","pro.aix@cfadubatiment.frfutur","pro.aix@cfadubatiment.frfutur (contact); conseil.aix@cfadubatiment.fr (contact); psh.aix@cfadubatiment.frcontacter (contact)","https://www.cfadubatiment.fr/btp-cfa-aix/","205 Rue Albert Einstein","","Aix-en-Provence","FR","43.4938906","5.37359","4.4","34","","Oui","","","","","0","","Non","https://www.google.com/maps/place/CFA+Aix-en-Provence/data=!4m7!3m6!1s0x12c9ed400f4410ed:0xf6ae60809b714c86!8m2!3d43.4938906!4d5.37359!16s%2Fg%2F1v13wm5t!19sChIJ7RBED0DtyRIRhkxxm4BgrvY?authuser=0&hl=fr&rclk=1"
"Campus CESI","École d'ingénieurs","04 42 54 06 02","","","","https://aix-en-provence.cesi.fr/?utm_source=google&utm_medium=organic&utm_campaign=gbp","390 Rue Claude Nicolas Ledoux","","Aix-en-Provence","FR","43.4812718","5.3863658","4.4","138","","Oui","","","","","0","","Non","https://www.google.com/maps/place/Campus+CESI/data=!4m7!3m6!1s0x12c9edc093e0ee95:0x85c391f75d1288b7!8m2!3d43.4812718!4d5.3863658!16s%2Fg%2F11b6_qbpl0!19sChIJle7gk8DtyRIRt4gSXfeRw4U?authuser=0&hl=fr&rclk=1"
"CREPS Provence-Alpes-Côte d'Azur - Aix-en-Provence","Établissement d'enseignement","04 42 93 80 00","","","","http://www.creps-paca.fr/","","","Aix-en-Provence","FR","43.5087242","5.4447059","4.3","54","","Oui","","","","","0","","Non","https://www.google.com/maps/place/CREPS+Provence-Alpes-C%C3%B4te+d%27Azur+-+Aix-en-Provence/data=!4m7!3m6!1s0x12c9927875770ac1:0x3832896376d8ea6a!8m2!3d43.5087242!4d5.4447059!16s%2Fg%2F1td8dnr6!19sChIJwQp3dXiSyRIRaurYdmOJMjg?authuser=0&hl=fr&rclk=1"
"ib Cegos Formation informatique Aix-en-Provence","Centre de formation continue","04 65 07 08 39","","","","https://www.ib-formation.fr/agences/agence-aix-en-provence","135 Rue André Ampère","","Aix-en-Provence","FR","43.491948","5.372975","4.3","12","","Oui","","","","","0","","Non","https://www.google.com/maps/place/ib+Cegos+Formation+informatique+Aix-en-Provence/data=!4m7!3m6!1s0x12c9ed155751db8d:0x2d6ec87f98e99fb4!8m2!3d43.491948!4d5.372975!16s%2Fg%2F11c4p4t5lt!19sChIJjdtRVxXtyRIRtJ_pmH_Ibi0?authuser=0&hl=fr&rclk=1"
"IFTE Sud - Aix-en-Provence","Centre de formation","04 42 90 07 67","","marseille@iftesud.fr","marseille@iftesud.fr (contact); aix@iftesud.fr (contact); marseille@iftesud.fr.cookies (contact)","http://www.iftesud.fr/","2 Rue Mahatma Gandhi","","Aix-en-Provence","FR","43.5119075","5.4369951","4.3","70","","Oui","","","","","0","","Non","https://www.google.com/maps/place/IFTE+Sud+-+Aix-en-Provence/data=!4m7!3m6!1s0x12c98d81ec98360d:0x1366d153ad896313!8m2!3d43.5119075!4d5.4369951!16s%2Fg%2F1ptwzkkpd!19sChIJDTaY7IGNyRIRE2OJrVPRZhM?authuser=0&hl=fr&rclk=1"
"Groupe Alternance Aix-en-Provence / CFA / Formations en alternance / BAC à BAC+5 - Aix-en-Provence (13)","Centre de formation","04 42 69 38 05","","","","https://www.groupe-alternance.com/ecoles/aix-en-provence/","430 Rue Louis Armand","","Aix-en-Provence","FR","43.4892521","5.383615","4.2","38","","Oui","","","","","0","","Non","https://www.google.com/maps/place/Groupe+Alternance+Aix-en-Provence+%2F+CFA+%2F+Formations+en+alternance+%2F+BAC+%C3%A0+BAC%2B5+-+Aix-en-Provence+%2813%29/data=!4m7!3m6!1s0x12c9ed3925e69143:0x2000b26ebe6a091e!8m2!3d43.4892521!4d5.383615!16s%2Fg%2F11b6d59zvh!19sChIJQ5HmJTntyRIRHglqvm6yACA?authuser=0&hl=fr&rclk=1"
"Académie d'Art Dentaire Isabelle Dutel - Campus Aix-Marseille","Centre de formation continue","04 42 39 76 70","","","","http://www.academieartdentaire.fr/","","","Aix-en-Provence","FR","43.512477","5.436442","4.2","99","","Oui","","","","","0","","Non","https://www.google.com/maps/place/Acad%C3%A9mie+d%27Art+Dentaire+Isabelle+Dutel+-+Campus+Aix-Marseille/data=!4m7!3m6!1s0x12c98d81e02e8c45:0xa5206878565abbe6!8m2!3d43.512477!4d5.436442!16s%2Fg%2F1td0_vjs!19sChIJRYwu4IGNyRIR5rtaVnhoIKU?authuser=0&hl=fr&rclk=1"
"ESMAC - Organisme de formation à distance","Centre de formation continue","01 75 43 44 34","","info@esmac.fr","info@esmac.fr (contact)","https://www.esmac.fr/","","","Aix-en-Provence","FR","43.5133462","5.4234025","4","1","","Oui","","","","","0","","Non","https://www.google.com/maps/place/ESMAC+-+Organisme+de+formation+%C3%A0+distance/data=!4m7!3m6!1s0x12c98daa5be25fe3:0x382e756f38af569f!8m2!3d43.5133462!4d5.4234025!16s%2Fg%2F11szjsx31p!19sChIJ41_iW6qNyRIRn1avOG91Ljg?authuser=0&hl=fr&rclk=1"
"Centre national de la fonction publique territoriale - Aix","Académie d'examens administratifs","04 42 29 64 30","","","","","2 Rue le Corbusier","","Aix-en-Provence","FR","43.5233503","5.4326055","4","49","","Oui","","","","","0","","Non","https://www.google.com/maps/place/Centre+national+de+la+fonction+publique+territoriale+-+Aix/data=!4m7!3m6!1s0x12c98d742f000001:0x703cc95c3d533cc4!8m2!3d43.5233503!4d5.4326055!16s%2Fg%2F1th9jwlw!19sChIJAQAAL3SNyRIRxDxTPVzJPHA?authuser=0&hl=fr&rclk=1"
"Würth Proxishop Aix En Provence","Magasin d'outillage","04 42 25 85 50","","","","","1185 Rue André Ampère","","Aix-en-Provence","FR","43.485142","5.381809","4","34","","Oui","","","","","0","","Non","https://www.google.com/maps/place/W%C3%BCrth+Proxishop+Aix+En+Provence/data=!4m7!3m6!1s0x12c9ed3bb3209ed3:0xde58e9e7639dc306!8m2!3d43.485142!4d5.381809!16s%2Fg%2F1tplsd7k!19sChIJ054gszvtyRIRBsOdY-fpWN4?authuser=0&hl=fr&rclk=1"
"ActiROUTE - Aix En Provence","Centre de formation continue","04 65 84 58 01","","","","https://www.actiroute.com/stage-de-recuperation-de-points/lieux-stage/hotel-le-nelio-aix-en-provence/?utm_source=google&utm_medium=gmb&utm_campaign=actiroute-aix-en-provence-2102","155 Rue Charles Duchesne","","Aix-en-Provence","FR","43.4921617","5.370826","4","4","","Oui","","","","","0","","Non","https://www.google.com/maps/place/ActiROUTE+-+Aix+En+Provence/data=!4m7!3m6!1s0x12c9ed0c4c5b33ab:0x5469237b294eb3df!8m2!3d43.4921617!4d5.370826!16s%2Fg%2F11yfs9thyw!19sChIJqzNbTAztyRIR37NOKXsjaVQ?authuser=0&hl=fr&rclk=1"
"Campus Eductive Aix-en-Provence","Établissement d'enseignement supérieur","04 42 95 18 65","","","","https://aix-en-provence.eductive.fr/","","","Aix-en-Provence","FR","43.5136608","5.4283702","4","39","","Oui","","","","","0","","Non","https://www.google.com/maps/place/Campus+Eductive+Aix-en-Provence/data=!4m7!3m6!1s0x12c98dec1265a261:0x2b09118304fc41b0!8m2!3d43.5136608!4d5.4283702!16s%2Fg%2F11ryz7h44x!19sChIJYaJlEuyNyRIRsEH8BIMRCSs?authuser=0&hl=fr&rclk=1"
"OMI Aix-en-Provence | Equatio (Asso. Formation & Métier)","Conseiller","04 42 52 30 09","","","","https://equatio.org/","1 Place Martin Luther King - Le Mansard, Av. du 8 Mai 1945","","Aix-en-Provence","FR","43.5225654","5.4330268","4","4","","Oui","","","","","0","","Non","https://www.google.com/maps/place/OMI+Aix-en-Provence+%7C+Equatio+%28Asso.+Formation+%26+M%C3%A9tier%29/data=!4m7!3m6!1s0x12c98d53823865ab:0x15c50f3798f4a561!8m2!3d43.5225654!4d5.4330268!16s%2Fg%2F11fslgmn97!19sChIJq2U4glONyRIRYaX0mDcPxRU?authuser=0&hl=fr&rclk=1"
"CFA Métropolitain Campus des Métiers","Centre d'apprentissage","04 42 29 61 11","","absencecfa@ampmetropole.fr","absencecfa@ampmetropole.fr (contact); campusdesmetiers@ampmetropole.fr (contact); campusdesmetiers@ampmetropole.frabsences (contact); absencecfa@ampmetropole.frstandard (contact); cfa.paysdaix@ampmetropole.fr (contact)","https://cfapa.ampmetropole.fr/","200 Rue maurice Estrangin","","Aix-en-Provence","FR","43.4971258","5.3688705","4","79","","Oui","","","","","0","","Non","https://www.google.com/maps/place/CFA+M%C3%A9tropolitain+Campus+des+M%C3%A9tiers/data=!4m7!3m6!1s0x12c9ed8e97f155a3:0xd55a6a66bcbf2c25!8m2!3d43.4971258!4d5.3688705!16s%2Fg%2F11j9csmz8l!19sChIJo1Xxl47tyRIRJSy_vGZqWtU?authuser=0&hl=fr&rclk=1"
"PEYREFITTE ESTHÉTIQUE AIX-EN-PROVENCE","École d'esthétique","04 42 20 42 20","","","","https://peyrefitte-esthetique.com/","","","Aix-en-Provence","FR","43.5149178","5.4331516","3.9","68","","Oui","","","","","0","","Non","https://www.google.com/maps/place/PEYREFITTE+ESTH%C3%89TIQUE+AIX-EN-PROVENCE/data=!4m7!3m6!1s0x12c98d79438f57fb:0xad689d92faa338e0!8m2!3d43.5149178!4d5.4331516!16s%2Fg%2F11b7001hvg!19sChIJ-1ePQ3mNyRIR4Dij-pKdaK0?authuser=0&hl=fr&rclk=1"
"École de design ESDAC Aix-en-Provence","Établissement d'enseignement supérieur","04 42 91 66 90","","contact@ecole-esdac.com","contact@ecole-esdac.com (contact); communication@ecole-esdac.com (contact)","https://ecole-esdac.com/","","","Aix-en-Provence","FR","43.5279385","5.442639","3.9","136","","Oui","","","","","0","","Non","https://www.google.com/maps/place/%C3%89cole+de+design+ESDAC+Aix-en-Provence/data=!4m7!3m6!1s0x12c98da2712bedd3:0x75419dbfb3372105!8m2!3d43.5279385!4d5.442639!16s%2Fg%2F1tdssz22!19sChIJ0-0rcaKNyRIRBSE3s7-dQXU?authuser=0&hl=fr&rclk=1"
"L'Académie Des Métiers","Centre de formation continue","04 88 70 02 43","","contact@academie-metiers.fr","contact@academie-metiers.fr (contact)","https://www.academie-metiers.fr/","","","Aix-en-Provence","FR","43.5250575","5.4251382","3.9","27","","Oui","","","","","0","","Non","https://www.google.com/maps/place/L%27Acad%C3%A9mie+Des+M%C3%A9tiers/data=!4m7!3m6!1s0x12c98d6d8915d03f:0xe5282d498be78bd!8m2!3d43.5250575!4d5.4251382!16s%2Fg%2F11fsmt_djn!19sChIJP9AViW2NyRIRvXi-mNSCUg4?authuser=0&hl=fr&rclk=1"
"Ynov Campus Aix-en-Provence - Ecole des métiers du digital","Établissement d'enseignement supérieur","04 84 25 24 10","","","","https://www.ynov.com/campus/aix-en-provence?utm_source=GBP&utm_medium=site-web&utm_campaign=GBP-aix","2 Rue de la Fourane","","Aix-en-Provence","FR","43.5127404","5.4426896","3.8","98","","Oui","","","","","0","","Non","https://www.google.com/maps/place/Ynov+Campus+Aix-en-Provence+-+Ecole+des+m%C3%A9tiers+du+digital/data=!4m7!3m6!1s0x12c98d0b5057bd43:0x88b7715d87622590!8m2!3d43.5127404!4d5.4426896!16s%2Fg%2F1ptvtf6bn!19sChIJQ71XUAuNyRIRkCVih11xt4g?authuser=0&hl=fr&rclk=1"
"Croix-Rouge Compétence Paca & Corse - Site de formation d'Aix-en-Provence","Centre de formation continue","04 42 16 05 16","","","","https://www.croix-rouge.fr/site-de-formation-croix-rouge-competence-daix-en-provence","","","Aix-en-Provence","FR","43.5308341","5.4572968","3.8","11","","Non","","","","","0","","Non","https://www.google.com/maps/place/Croix-Rouge+Comp%C3%A9tence+Paca+%26+Corse+-+Site+de+formation+d%27Aix-en-Provence/data=!4m7!3m6!1s0x12c98dc749023f19:0xf9da5ae549c3ed59!8m2!3d43.5308341!4d5.4572968!16s%2Fg%2F11fxb5q5kg!19sChIJGT8CSceNyRIRWe3DSeVa2vk?authuser=0&hl=fr&rclk=1"
"Arche Hypnose","Centre de formation","01 53 16 32 75","","","","https://www.arche-hypnose.com/","","","Aix-en-Provence","FR","43.5272581","5.4510557","3.7","6","","Oui","","","","","0","","Non","https://www.google.com/maps/place/Arche+Hypnose/data=!4m7!3m6!1s0x12c98df588096037:0xd07053cc6fd94364!8m2!3d43.5272581!4d5.4510557!16s%2Fg%2F11hnb2d9nq!19sChIJN2AJiPWNyRIRZEPZb8xTcNA?authuser=0&hl=fr&rclk=1"
"INEAD - Organisme de formation en ligne","Centre de formation continue","01 75 43 44 34","","info@inead.fr","info@inead.fr (contact)","https://www.inead.fr/","","","Aix-en-Provence","FR","43.5134473","5.4234132","3.7","75","","Oui","","","","","0","","Non","https://www.google.com/maps/place/INEAD+-+Organisme+de+formation+en+ligne/data=!4m7!3m6!1s0x12c9e8d16d9f3049:0x6859569175d8dce9!8m2!3d43.5134473!4d5.4234132!16s%2Fg%2F1vmvyjph!19sChIJSTCfbdHoyRIR6dzYdZFWWWg?authuser=0&hl=fr&rclk=1"
"ADONIS Aix-en-Provence","Centre de formation continue","04 84 49 01 42","","infoadonis@groupe-adonis.fr","infoadonis@groupe-adonis.fr (contact); 69@groupe-adonis.fr (contact); 34@groupe-adonis.fr (contact); 13@groupe-adonis.fr (contact); 59@groupe-adonis.fr (contact); 31@groupe-adonis.fr (contact); 33@groupe-adonis.fr (contact); 75@groupe-adonis.fr (contact); 44@groupe-adonis.fr (contact); 35@groupe-adonis.fr (contact); 99@groupe-adonis.fr (contact)","http://www.groupe-adonis.fr/","3 Rue des Allumettes","","Aix-en-Provence","FR","43.5250326","5.440388","3.5","39","","Oui","","","","","0","","Non","https://www.google.com/maps/place/ADONIS+Aix-en-Provence/data=!4m7!3m6!1s0x12c98d9ec2a5156d:0x47bf8a469a59c3f3!8m2!3d43.5250326!4d5.440388!16s%2Fg%2F11c2q04k52!19sChIJbRWlwp6NyRIR88NZmkaKv0c?authuser=0&hl=fr&rclk=1"
"GRETA PROVENCE","Centre de formation continue","04 42 21 52 77","","","","http://gretaprovence-extranet.fr/","","","Aix-en-Provence","FR","43.5284373","5.4551375","3.3","3","","Non","","","","","0","","Non","https://www.google.com/maps/place/GRETA+PROVENCE/data=!4m7!3m6!1s0x12c98dbfea1195e3:0xa41f849bc1b9f1d2!8m2!3d43.5284373!4d5.4551375!16s%2Fg%2F11hz0kyrtg!19sChIJ45UR6r-NyRIR0vG5wZuEH6Q?authuser=0&hl=fr&rclk=1"
"CPF Avenir","Centre de formation continue","04 65 40 66 04","","","","","","","Aix-en-Provence","FR","43.5274204","5.4515315","3.1","11","","Oui","","","","","0","","Non","https://www.google.com/maps/place/CPF+Avenir/data=!4m7!3m6!1s0x12c98d673f753c57:0x240f67a7a6431aac!8m2!3d43.5274204!4d5.4515315!16s%2Fg%2F11s49yxplx!19sChIJVzx1P2eNyRIRrBpDpqdnDyQ?authuser=0&hl=fr&rclk=1"
"GROUPE ENERGYZON- Electricité - Photovoltaïque - Formation Habilitations électriques - SST+MAC - AIPR - CFA : apprentissage","Centre de formation","09 50 48 47 19","","","","","","","Aix-en-Provence","FR","43.5175522","5.4347077","3.1","9","","Oui","","","","","0","","Non","https://www.google.com/maps/place/GROUPE+ENERGYZON-+Electricit%C3%A9+-+Photovolta%C3%AFque+-+Formation+Habilitations+%C3%A9lectriques+-+SST%2BMAC+-+AIPR+-+CFA+:+apprentissage/data=!4m7!3m6!1s0x12c9ed8acee48c81:0xeb05ddc03aac5447!8m2!3d43.5175522!4d5.4347077!16s%2Fg%2F11nmplms9q!19sChIJgYzkzortyRIRR1SsOsDdBes?authuser=0&hl=fr&rclk=1"
"Apform","Centre de formation","","","handicap@apform.fr","handicap@apform.fr (contact); handicap@apform.fr.de (contact)","http://apform.fr/","350 Avenue de la Lauzière, Parc du Golf Bat 20","","Aix-en-Provence","FR","43.4835388","5.3611742","3","7","","Oui","","","","","0","","Non","https://www.google.com/maps/place/Apform/data=!4m7!3m6!1s0x12c9e8dc84eb3b31:0xc1fff8370dd28eaa!8m2!3d43.4835388!4d5.3611742!16s%2Fg%2F119tjywnn!19sChIJMTvrhNzoyRIRqo7SDTf4_8E?authuser=0&hl=fr&rclk=1"
"TEMIS Formation (Aix-en-Provence)","Centre de formation","04 78 26 93 54","","","","http://www.temis-formation.fr/accueil/nos-formations-dans-notre-antenne-de-aix-en-provence/","730, rue René Descartes","","Aix-en-Provence","FR","43.4923783","5.3485483","3","2","","Oui","","","","","0","","Non","https://www.google.com/maps/place/TEMIS+Formation+%28Aix-en-Provence%29/data=!4m7!3m6!1s0x12c9eda1c6a67599:0xfb4e02f8ff58e267!8m2!3d43.4923783!4d5.3485483!16s%2Fg%2F11csb1mgwc!19sChIJmXWmxqHtyRIRZ-JY__gCTvs?authuser=0&hl=fr&rclk=1"
"A.E.C.D","Centre de formation continue","04 86 91 39 11","","dg@aecd.fr","dg@aecd.fr (contact)","http://www.aecd.fr/","","","Aix-en-Provence","FR","43.5240189","5.4123022","2.8","9","","Oui","","","","","0","","Non","https://www.google.com/maps/place/A.E.C.D/data=!4m7!3m6!1s0x12c98d7726770e31:0x76ea08d282773e3b!8m2!3d43.5240189!4d5.4123022!16s%2Fg%2F11srz2g1t2!19sChIJMQ53JneNyRIROz53gtII6nY?authuser=0&hl=fr&rclk=1"
"M2I","Centre de formation","04 42 39 31 37","","contact@m2iformation.fr","contact@m2iformation.fr (contact); juridique@m2iformation.fr (contact); juridique@m2iformation.fr.article (contact)","http://www.m2iformation.fr/","235 Rue Denis Papin Bâtiment B","","Aix-en-Provence","FR","43.4962706","5.3458213","2.4","11","","Oui","","","","","0","","Non","https://www.google.com/maps/place/M2I/data=!4m7!3m6!1s0x12c98d774f850bab:0xb9b29491c8dcf183!8m2!3d43.4962706!4d5.3458213!16s%2Fg%2F11t3cx7ch5!19sChIJqwuFT3eNyRIRg_HcyJGUsrk?authuser=0&hl=fr&rclk=1"
"CFPPA Aix-Valabre-Marseille - Campus Nature Provence","Centre de formation continue","04 42 58 46 41","","cfppa.marseille@educagri.fr","cfppa.marseille@educagri.fr (contact)","https://epl.valabre.educagri.fr/cfppa","","","Aix-en-Provence","FR","43.469031","5.4533059","2.3","9","","Non","","","","","0","","Non","https://www.google.com/maps/place/CFPPA+Aix-Valabre-Marseille+-+Campus+Nature+Provence/data=!4m7!3m6!1s0x12c993b69f24ef37:0xf629e702be115dc5!8m2!3d43.469031!4d5.4533059!16s%2Fg%2F11f0kq_myd!19sChIJN-8kn7aTyRIRxV0RvgLnKfY?authuser=0&hl=fr&rclk=1"
"Ecole Française Superieure de Sophrologie_RNCP d'Etat_Formation de Sophrologie et spécialisations","Centre de formation continue","04 11 93 22 78","","","","http://www.supdesophro.fr/","","","Aix-en-Provence","FR","43.5282368","5.4348462","1","2","","Oui","","","","","0","","Non","https://www.google.com/maps/place/Ecole+Fran%C3%A7aise+Superieure+de+Sophrologie_RNCP+d%27Etat_Formation+de+Sophrologie+et+sp%C3%A9cialisations/data=!4m7!3m6!1s0x12c98de0646b9c81:0xb099ab4478874017!8m2!3d43.5282368!4d5.4348462!16s%2Fg%2F11nlc3xbwr!19sChIJgZxrZOCNyRIRF0CHeESrmbA?authuser=0&hl=fr&rclk=1"